,lat/long,woeid,date,weather,temperature,wind_speed,humidity
0,"51.5548885,-0.108438",44418,2019/12/29,Light Cloud,7.335,4.667820999939023,83
1,"53.4308294,-2.96083",26734,2019/12/29,Heavy Cloud,7.96,7.458090626310347,89
2,"53.48313810000001,-2.2003953",28218,2019/12/29,Heavy Cloud,6.164999999999999,4.484735869347014,84
3,"50.8615651,-0.0837163",13911,2019/12/28,Heavy Cloud,8.75,5.568397540974044,90
4,"40.86502369999999,-73.89777269999999",2459115,2019/12/28,Heavy Cloud,7.09,4.056700021442774,69
5,"37.8416782,-122.1055344",2463583,2019/12/28,Clear,13.88,1.8378227153424005,62
6,"51.6499059,-0.401525",44418,2019/12/28,Heavy Cloud,8.74,3.3520073632784535,87
7,"52.6221535,1.3093062",30704,2019/12/28,Heavy Cloud,8.290000000000001,5.975137783888756,89
8,"51.5387095,-0.0166037",44418,2019/12/28,Heavy Cloud,8.74,3.3520073632784535,87
9,"53.7886839,-2.2303478",13527,2019/12/28,Heavy Cloud,8.61,3.110742899538694,88
10,"52.5902362,-2.1304288",40859,2019/12/27,Heavy Cloud,7.15,3.7308430764336276,96
11,"51.6042856,-0.06638129999999999",44418,2019/12/26,Heavy Rain,9.120000000000001,7.287731757456455,85
12,"41.8897519,-87.98895429999999",2379574,2019/12/26,Heavy Cloud,10.275,5.8307335643574865,77
13,"36.1621099,-95.87412789999999",2464592,2019/12/26,Showers,14.67,5.594700723630001,62
14,"51.481663,-0.1909565",44418,2019/12/26,Heavy Rain,9.120000000000001,7.287731757456455,85
15,"51.39797429999999,-0.0860576",44418,2019/12/26,Heavy Rain,9.120000000000001,7.287731757456455,85
16,"53.438787,-2.9663193",26734,2019/12/26,Heavy Rain,5.54,7.535833947875076,93
17,"53.3699684,-1.4699284",34503,2019/12/26,Light Rain,5.275,5.818190582655956,93
18,"53.4630589,-2.2913401",33887,2019/12/26,Showers,4.34,4.376528672552295,93
19,"52.6203662,-1.1421895",26062,2019/12/26,Showers,5.645,6.58204765979745,95
20,"51.6499059,-0.401525",44418,2019/12/22,Heavy Cloud,7.885,7.006488343100294,80
21,"51.6042856,-0.06638129999999999",44418,2019/12/22,Heavy Cloud,7.885,7.006488343100294,80
22,"53.438787,-2.9663193",26734,2019/12/21,Light Rain,6.859999999999999,7.384384099538694,90
23,"41.8897519,-87.98895429999999",2379574,2019/12/21,Clear,8.24,7.640281632564491,71
24,"36.1621099,-95.87412789999999",2464592,2019/12/21,Light Cloud,9.524999999999999,3.3886459945783294,69
25,"50.8615651,-0.0837163",13911,2019/12/21,Light Rain,9.37,12.802463873199185,90
26,"40.86502369999999,-73.89777269999999",2459115,2019/12/21,Light Cloud,3.02,3.7888423181765165,66
27,"52.6221535,1.3093062",30704,2019/12/21,Showers,8.844999999999999,8.673049558196135,87
28,"53.48313810000001,-2.2003953",28218,2019/12/21,Showers,3.1550000000000002,3.3480704199634133,84
29,"51.39797429999999,-0.0860576",44418,2019/12/16,Light Rain,7.855,3.9856808837959647,86
30,"53.4630589,-2.2913401",33887,2019/12/15,Showers,-2.95,7.143236498846735,73
31,"52.5902362,-2.1304288",40859,2019/12/15,Heavy Rain,4.54,9.473968424401495,81
32,"51.5548885,-0.108438",44418,2019/12/15,Showers,8.39,9.509986315928312,73
33,"53.4308294,-2.96083",26734,2019/12/14,Light Rain,4.555,15.939120171412286,85
34,"53.7886839,-2.2303478",13527,2019/12/14,Thunder,3.4699999999999998,10.906089354529547,80
35,"51.481663,-0.1909565",44418,2019/12/14,Light Rain,8.155000000000001,12.068415436138286,71
36,"52.6203662,-1.1421895",26062,2019/12/14,Light Rain,5.449999999999999,11.857096246427531,84
37,"53.3699684,-1.4699284",34503,2019/12/14,Heavy Rain,3.835,12.178166900278372,83
38,"37.8416782,-122.1055344",2463583,2019/12/14,Heavy Cloud,13.63,6.482702219040801,71
39,"51.5387095,-0.0166037",44418,2019/12/9,Heavy Cloud,5.99,10.862300841620934,62
40,"41.8897519,-87.98895429999999",2379574,2019/12/8,Heavy Cloud,8.375,8.41297730409873,86
41,"40.86502369999999,-73.89777269999999",2459115,2019/12/8,Showers,8.43,5.597399893809485,74
42,"52.6221535,1.3093062",30704,2019/12/8,Heavy Cloud,7.9799999999999995,15.29567883478353,73
43,"50.8615651,-0.0837163",13911,2019/12/8,Heavy Rain,9.219999999999999,20.745592417500465,77
44,"53.438787,-2.9663193",26734,2019/12/7,Light Rain,10.125,9.434509299970838,84
45,"36.1621099,-95.87412789999999",2464592,2019/12/7,Heavy Cloud,15.135,7.45618058949601,59
46,"51.6042856,-0.06638129999999999",44418,2019/12/7,Heavy Cloud,10.325,7.585504871412286,82
47,"51.6499059,-0.401525",44418,2019/12/7,Heavy Cloud,10.325,7.585504871412286,82
48,"53.48313810000001,-2.2003953",28218,2019/12/7,Showers,3.7699999999999996,5.949257636106471,86
49,"53.3699684,-1.4699284",34503,2019/12/5,Light Rain,9.274999999999999,11.366429207611548,82
50,"51.5548885,-0.108438",44418,2019/12/5,Showers,8.925,6.226541458042366,81
51,"51.481663,-0.1909565",44418,2019/12/4,Clear,4.4350000000000005,2.183471091004533,84
52,"52.6203662,-1.1421895",26062,2019/12/4,Light Cloud,5.13,5.41947348031496,88
53,"53.4630589,-2.2913401",33887,2019/12/4,Heavy Rain,0.59,4.360768909568122,88
54,"37.8416782,-122.1055344",2463583,2019/12/4,Heavy Rain,12.53,3.8251698083194143,87
55,"52.5902362,-2.1304288",40859,2019/12/4,Light Cloud,4.01,3.418659627773801,93
56,"53.4308294,-2.96083",26734,2019/12/4,Heavy Cloud,7.18,7.538755211060739,89
57,"51.39797429999999,-0.0860576",44418,2019/12/3,Light Cloud,5.625,3.689706900986241,81
58,"53.7886839,-2.2303478",13527,2019/12/3,Light Cloud,5.074999999999999,9.987407334165805,83
59,"52.6221535,1.3093062",30704,2019/12/1,Light Rain,5.18,6.038473904406267,82
60,"52.5902362,-2.1304288",40859,2019/12/1,Light Cloud,-0.46,4.060546607810387,89
61,"52.6203662,-1.1421895",26062,2019/12/1,Light Cloud,2.435,5.230651012754845,90
62,"53.4630589,-2.2913401",33887,2019/12/1,Heavy Cloud,-0.14,4.359938161138948,90
63,"51.5387095,-0.0166037",44418,2020/1/29,Heavy Cloud,7.95,8.569518893716694,72
64,"52.5902362,-2.1304288",40859,2020/1/23,Heavy Cloud,5.68,1.503403324584427,94
65,"52.6203662,-1.1421895",26062,2020/1/22,Heavy Cloud,8.71,3.5111304298523294,86
66,"51.6042856,-0.06638129999999999",44418,2020/1/22,Heavy Cloud,8.969999999999999,6.037324340480926,85
67,"53.4630589,-2.2913401",33887,2020/1/22,Showers,6.5,1.084762188817307,98
68,"41.8897519,-87.98895429999999",2379574,2020/1/21,Light Cloud,-0.019999999999999907,8.72867762624937,66
69,"36.1621099,-95.87412789999999",2464592,2020/1/21,Showers,5.75,10.45818854085209,72
70,"51.39797429999999,-0.0860576",44418,2020/1/21,Clear,4.17,2.454914938293698,84
71,"53.438787,-2.9663193",26734,2020/1/21,Heavy Cloud,7.705,6.2211056196558765,93
72,"53.3699684,-1.4699284",34503,2020/1/21,Light Cloud,7.795,3.3695452584108807,87
73,"51.481663,-0.1909565",44418,2020/1/21,Clear,4.17,2.454914938293698,84
74,"53.7886839,-2.2303478",13527,2020/1/19,Light Cloud,4.4350000000000005,3.102957790696996,82
75,"53.4308294,-2.96083",26734,2020/1/19,Heavy Cloud,4.0600000000000005,3.2930910195630845,88
76,"51.6499059,-0.401525",44418,2020/1/18,Light Cloud,4.87,4.11649044454784,73
77,"51.5548885,-0.108438",44418,2020/1/18,Light Cloud,4.87,4.11649044454784,73
78,"50.8615651,-0.0837163",13911,2020/1/18,Light Cloud,4.46,6.46524954390095,85
79,"53.48313810000001,-2.2003953",28218,2020/1/18,Light Cloud,4.91,3.3996695299451205,84
80,"52.6221535,1.3093062",30704,2020/1/18,Clear,4.01,8.725247127850686,84
81,"37.8416782,-122.1055344",2463583,2020/1/18,Heavy Rain,2.69,5.409323550465283,88
82,"51.5387095,-0.0166037",44418,2020/1/18,Light Cloud,4.87,4.11649044454784,73
83,"40.86502369999999,-73.89777269999999",2459115,2020/1/18,Thunder,-0.135,8.735808736724197,64
84,"36.1621099,-95.87412789999999",2464592,2020/1/12,Clear,13.82,10.668732037617646,65
85,"41.8897519,-87.98895429999999",2379574,2020/1/12,Light Rain,0.9099999999999999,4.2226031740608185,80
86,"51.39797429999999,-0.0860576",44418,2020/1/11,Heavy Cloud,10.295,10.184269990328481,79
87,"51.481663,-0.1909565",44418,2020/1/11,Heavy Cloud,10.295,10.184269990328481,79
88,"53.438787,-2.9663193",26734,2020/1/11,Light Rain,10.605,13.256392968978501,87
89,"52.6203662,-1.1421895",26062,2020/1/11,Light Rain,10.2,14.9671050079509,84
90,"53.4630589,-2.2913401",33887,2020/1/11,Heavy Rain,8.5,8.1568653066094,84
91,"52.5902362,-2.1304288",40859,2020/1/11,Heavy Rain,9.63,12.000049312017815,88
92,"51.6042856,-0.06638129999999999",44418,2020/1/11,Heavy Cloud,10.295,10.184269990328481,79
93,"53.3699684,-1.4699284",34503,2020/1/10,Heavy Cloud,6.0600000000000005,8.081451174585752,81
94,"53.4308294,-2.96083",26734,2020/1/2,Light Rain,9.9,6.340304640512739,85
95,"50.8615651,-0.0837163",13911,2020/1/1,Heavy Cloud,6.87,2.8669374054534855,89
96,"53.7886839,-2.2303478",13527,2020/1/1,Heavy Cloud,5.525,3.829502691837005,86
97,"40.86502369999999,-73.89777269999999",2459115,2020/1/1,Light Cloud,5.09,8.328681068363423,59
98,"37.8416782,-122.1055344",2463583,2020/1/1,Heavy Cloud,15.08,3.2029801956573607,82
99,"51.6499059,-0.401525",44418,2020/1/1,Light Cloud,6.13,2.2616595866300804,89
100,"53.48313810000001,-2.2003953",28218,2020/1/1,Light Cloud,4.38,4.165247449661974,85
101,"52.6221535,1.3093062",30704,2020/1/1,Light Cloud,5.08,4.653400739926828,89
102,"51.5387095,-0.0166037",44418,2020/1/1,Light Cloud,6.13,2.2616595866300804,89
103,"51.5548885,-0.108438",44418,2020/1/1,Light Cloud,6.13,2.2616595866300804,89
104,"50.8615651,-0.0837163",13911,2020/2/29,Heavy Cloud,7.32,23.480791891715054,73
105,"36.1621099,-95.87412789999999",2464592,2020/2/29,Light Cloud,21.854999999999997,10.735510190821602,42
106,"40.86502369999999,-73.89777269999999",2459115,2020/2/29,Light Cloud,3.075,9.557115455547603,42
107,"51.5387095,-0.0166037",44418,2020/2/29,Heavy Cloud,7.15,12.814508625541505,67
108,"51.6499059,-0.401525",44418,2020/2/29,Heavy Cloud,7.15,12.814508625541505,67
109,"52.6221535,1.3093062",30704,2020/2/28,Heavy Rain,8.89,11.641271955547603,86
110,"53.4308294,-2.96083",26734,2020/2/24,Light Rain,9.11,17.049063534229433,81
111,"53.4630589,-2.2913401",33887,2020/2/23,Showers,4.52,5.704814682255627,70
112,"52.5902362,-2.1304288",40859,2020/2/23,Heavy Rain,4.61,8.061179710490734,77
113,"51.5548885,-0.108438",44418,2020/2/23,Showers,10.9,11.012088308934489,68
114,"51.481663,-0.1909565",44418,2020/2/22,Heavy Cloud,11.364999999999998,13.421056190482252,67
115,"53.7886839,-2.2303478",13527,2020/2/22,Light Rain,7.505000000000001,15.378291366637503,73
116,"51.39797429999999,-0.0860576",44418,2020/2/22,Heavy Cloud,11.364999999999998,13.421056190482252,67
117,"53.3699684,-1.4699284",34503,2020/2/22,Heavy Rain,7.83,15.982455246366554,72
118,"37.8416782,-122.1055344",2463583,2020/2/22,Clear,6.98,5.0418313051777615,65
119,"52.6203662,-1.1421895",26062,2020/2/22,Light Rain,9.31,16.328909170611627,76
120,"53.48313810000001,-2.2003953",28218,2020/2/19,Heavy Rain,8.1,7.209100855454811,87
121,"51.481663,-0.1909565",44418,2020/2/17,Heavy Cloud,8.425,11.9864428772661,64
122,"41.8897519,-87.98895429999999",2379574,2020/2/16,Heavy Cloud,3.9099999999999997,4.643339908041041,74
123,"51.5548885,-0.108438",44418,2020/2/16,Showers,9.850000000000001,11.733740480932687,72
124,"37.8416782,-122.1055344",2463583,2020/2/15,Heavy Rain,-1.76,4.398736777221029,73
125,"52.6221535,1.3093062",30704,2020/2/15,Heavy Rain,12.614999999999998,18.272483906842705,83
126,"52.5902362,-2.1304288",40859,2020/2/14,Heavy Rain,8.66,6.841720154298894,89
127,"53.3699684,-1.4699284",34503,2020/2/9,Heavy Rain,10.225,20.532456561308624,85
128,"53.438787,-2.9663193",26734,2020/2/8,Light Rain,9.05,12.418264132195974,73
129,"50.8615651,-0.0837163",13911,2020/2/8,Showers,9.02,10.324115371751637,81
130,"53.7886839,-2.2303478",13527,2020/2/2,Light Rain,9.05,8.30567594994035,85
131,"51.6042856,-0.06638129999999999",44418,2020/2/2,Showers,11.975000000000001,10.227651191129139,72
132,"52.6203662,-1.1421895",26062,2020/2/1,Showers,8.995,13.228737739465522,72
133,"36.1621099,-95.87412789999999",2464592,2020/2/1,Light Cloud,18.095,6.183282978867414,47
134,"51.39797429999999,-0.0860576",44418,2020/2/1,Showers,9.52,10.643148420642117,67
135,"53.4308294,-2.96083",26734,2020/2/1,Heavy Cloud,8.61,16.020277153082002,78
136,"40.86502369999999,-73.89777269999999",2459115,2020/2/1,Light Rain,5.725,4.252782217283067,77
137,"51.6499059,-0.401525",44418,2020/2/1,Showers,9.52,10.643148420642117,67
138,"51.5387095,-0.0166037",44418,2020/2/1,Showers,9.52,10.643148420642117,67
139,"53.4630589,-2.2913401",33887,2020/2/1,Showers,7.48,7.666040722182454,79
140,"52.6203662,-1.1421895",26062,2020/3/9,Heavy Rain,9.035,12.204818933982873,79
141,"51.481663,-0.1909565",44418,2020/3/8,Light Rain,9.895,10.580976515527983,67
142,"53.4630589,-2.2913401",33887,2020/3/8,Heavy Rain,4.83,7.791436013680109,74
143,"53.4308294,-2.96083",26734,2020/3/7,Light Rain,11.02,12.956034223508047,78
144,"51.5548885,-0.108438",44418,2020/3/7,Heavy Cloud,11.265,8.323177632164162,80
145,"51.39797429999999,-0.0860576",44418,2020/3/7,Heavy Cloud,11.265,8.323177632164162,80
146,"53.3699684,-1.4699284",34503,2020/3/7,Heavy Cloud,11.309999999999999,10.132009325941832,78
147,"37.8416782,-122.1055344",2463583,2020/3/7,Heavy Cloud,7.25,4.2433754871550144,58
148,"52.5902362,-2.1304288",40859,2020/3/7,Heavy Rain,10.09,9.975490932951562,83
149,"53.7886839,-2.2303478",13527,2020/3/7,Showers,11.195,9.401568261215834,77
150,"53.438787,-2.9663193",26734,2020/3/1,Showers,5.645,14.389092161769929,69
151,"51.6042856,-0.06638129999999999",44418,2020/3/1,Light Cloud,7.19,10.990444571566053,59
152,"50.8615651,-0.0837163",13911,2020/6/30,Light Rain,16.2,15.873607717747023,95
153,"51.39797429999999,-0.0860576",44418,2020/6/29,Heavy Cloud,18.134999999999998,11.204124111646651,53
154,"51.6499059,-0.401525",44418,2020/6/28,Light Rain,17.115000000000002,11.076892730223497,62
155,"41.8897519,-87.98895429999999",2379574,2020/6/27,Light Rain,29.615000000000002,4.277158468299796,64
156,"53.7886839,-2.2303478",13527,2020/6/25,Light Cloud,23.82,5.991981777881175,64
157,"37.8416782,-122.1055344",2463583,2020/6/25,Showers,25.67,4.568665791776028,61
158,"51.481663,-0.1909565",44418,2020/6/25,Clear,27.825000000000003,5.782435845040961,48
159,"53.4630589,-2.2913401",33887,2020/6/24,Clear,24.47,3.5830265250934543,63
160,"40.86502369999999,-73.89777269999999",2459115,2020/6/24,Showers,28.925,6.206235258935815,46
161,"52.6221535,1.3093062",30704,2020/6/24,Light Cloud,22.96,6.980061300678703,65
162,"52.5902362,-2.1304288",40859,2020/6/24,Clear,23.91,4.388712121212121,62
163,"53.4308294,-2.96083",26734,2020/6/24,Clear,23.060000000000002,5.300525830838569,75
164,"52.6203662,-1.1421895",26062,2020/6/23,Clear,23.84,6.1348741513560805,62
165,"51.6042856,-0.06638129999999999",44418,2020/6/23,Light Cloud,24.935000000000002,4.021341392637663,56
166,"53.48313810000001,-2.2003953",28218,2020/6/22,Heavy Cloud,20.58,7.306035912693868,64
167,"40.86502369999999,-73.89777269999999",2459115,2020/6/21,Clear,29.095,5.461278631024153,62
168,"41.8897519,-87.98895429999999",2379574,2020/6/21,Heavy Rain,28.130000000000003,6.004888008133832,68
169,"53.438787,-2.9663193",26734,2020/6/21,Light Rain,16.38,11.597455429884144,84
170,"51.6499059,-0.401525",44418,2020/6/20,Heavy Cloud,19.564999999999998,7.179820878620853,64
171,"50.8615651,-0.0837163",13911,2020/6/20,Heavy Cloud,17.4,7.436895524616241,83
172,"51.5387095,-0.0166037",44418,2020/6/20,Heavy Cloud,19.564999999999998,7.179820878620853,64
173,"36.1621099,-95.87412789999999",2464592,2020/6/20,Heavy Cloud,31.32,6.11720419630425,60
174,"52.6221535,1.3093062",30704,2020/6/19,Heavy Cloud,17.985,7.058989849015084,71
175,"51.6042856,-0.06638129999999999",44418,2020/6/19,Showers,17.465,7.904481182348419,71
176,"41.8897519,-87.98895429999999",2379574,2020/6/17,Light Cloud,29.310000000000002,4.317806847074419,42
177,"53.48313810000001,-2.2003953",28218,2020/6/17,Heavy Rain,18.57,4.754348436692383,79
178,"51.5548885,-0.108438",44418,2020/7/26,Showers,19.665,7.53694070976696,63
179,"53.7886839,-2.2303478",13527,2020/7/26,Showers,17.4,7.788865401171823,67
180,"51.481663,-0.1909565",44418,2020/7/26,Showers,19.665,7.53694070976696,63
181,"51.39797429999999,-0.0860576",44418,2020/7/26,Showers,19.665,7.53694070976696,63
182,"53.438787,-2.9663193",26734,2020/7/26,Showers,17.205,8.803328834351388,73
183,"52.6203662,-1.1421895",26062,2020/7/26,Heavy Cloud,18.14,8.277521319008988,69
184,"53.48313810000001,-2.2003953",28218,2020/7/26,Light Rain,17.634999999999998,7.718593463617807,71
185,"40.86502369999999,-73.89777269999999",2459115,2020/7/26,Clear,34.305,6.929276167684722,47
186,"37.8416782,-122.1055344",2463583,2020/7/26,Showers,32.17,4.360466276942654,64
187,"51.5387095,-0.0166037",44418,2020/7/26,Showers,19.665,7.53694070976696,63
188,"53.4630589,-2.2913401",33887,2020/7/22,Heavy Rain,16.09,3.4926837270341204,73
189,"53.4308294,-2.96083",26734,2020/7/22,Light Rain,16.955,6.19220930237281,77
190,"51.6499059,-0.401525",44418,2020/7/21,Light Cloud,20.35,3.454639625477876,43
191,"41.8897519,-87.98895429999999",2379574,2020/7/21,Showers,28.814999999999998,6.068826022736552,63
192,"50.8615651,-0.0837163",13911,2020/7/20,Light Cloud,17.645,4.52557145036984,62
193,"53.3699684,-1.4699284",34503,2020/7/20,Heavy Cloud,15.350000000000001,7.945177660937458,64
194,"52.5902362,-2.1304288",40859,2020/7/20,Light Cloud,11.69,4.499141414141414,71
195,"36.1621099,-95.87412789999999",2464592,2020/7/19,Light Cloud,34.92,7.84888829704393,50
196,"51.6042856,-0.06638129999999999",44418,2020/7/19,Showers,18.965,4.036795216636178,72
197,"52.6221535,1.3093062",30704,2020/7/18,Heavy Cloud,21.78,5.404192769439805,70
198,"51.5387095,-0.0166037",44418,2020/7/17,Light Cloud,24.275,4.4240859165752005,51
199,"53.438787,-2.9663193",26734,2020/7/16,Heavy Cloud,18.744999999999997,8.638785299538695,82
200,"52.6203662,-1.1421895",26062,2020/7/16,Heavy Cloud,19.615000000000002,7.361577698152125,75
201,"51.39797429999999,-0.0860576",44418,2020/7/16,Heavy Cloud,21.81,6.050474352649858,65
202,"37.8416782,-122.1055344",2463583,2020/7/16,Showers,23.71,4.996087051618548,83
203,"53.7886839,-2.2303478",13527,2020/7/15,Heavy Cloud,14.59,5.780869565004376,83
204,"53.48313810000001,-2.2003953",28218,2020/7/15,Showers,14.895,5.846012911954188,90
205,"40.86502369999999,-73.89777269999999",2459115,2020/7/15,Heavy Cloud,25.485,7.4594724912829085,66
206,"51.5548885,-0.108438",44418,2020/7/15,Heavy Cloud,17.93,4.4036439491688535,68
207,"51.481663,-0.1909565",44418,2020/7/14,Showers,19.225,5.596867826464116,59
208,"53.4630589,-2.2913401",33887,2020/7/13,Showers,15.31,3.947294599538694,77
209,"52.5902362,-2.1304288",40859,2020/7/12,Light Cloud,16.33,3.021133381054641,64
210,"41.8897519,-87.98895429999999",2379574,2020/7/12,Heavy Cloud,25.735,5.665321550247886,59
211,"51.6042856,-0.06638129999999999",44418,2020/7/12,Heavy Cloud,20.905,3.293385433518916,45
212,"36.1621099,-95.87412789999999",2464592,2020/7/12,Showers,35.86,8.34247844553408,52
213,"52.6221535,1.3093062",30704,2020/7/11,Heavy Cloud,15.7,4.680178537400249,69
214,"51.6499059,-0.401525",44418,2020/7/11,Light Cloud,18.509999999999998,4.700050778034942,49
215,"53.4308294,-2.96083",26734,2020/7/11,Light Cloud,14.41,7.837906964818792,71
216,"53.3699684,-1.4699284",34503,2020/7/11,Light Cloud,14.745000000000001,6.58220999531801,66
217,"50.8615651,-0.0837163",13911,2020/7/11,Light Cloud,16.915,7.696893404652829,62
218,"36.1621099,-95.87412789999999",2464592,2020/7/9,Light Cloud,35.385,9.415703082626793,57
219,"53.438787,-2.9663193",26734,2020/7/9,Showers,14.129999999999999,6.642553389156659,89
220,"41.8897519,-87.98895429999999",2379574,2020/7/9,Light Rain,31.53,7.980182197444258,62
221,"53.48313810000001,-2.2003953",28218,2020/7/8,Heavy Rain,14.26,5.499269061430579,88
222,"53.3699684,-1.4699284",34503,2020/7/8,Heavy Rain,13.3,8.646057670426046,91
223,"51.5387095,-0.0166037",44418,2020/7/8,Heavy Rain,18.259999999999998,5.150524365805032,89
224,"50.8615651,-0.0837163",13911,2020/7/8,Light Rain,17.255,13.268991493963256,92
225,"51.39797429999999,-0.0860576",44418,2020/7/7,Heavy Rain,17.425,5.7500220908507655,65
226,"51.6499059,-0.401525",44418,2020/7/7,Heavy Rain,17.425,5.7500220908507655,65
227,"51.5548885,-0.108438",44418,2020/7/7,Heavy Rain,17.425,5.7500220908507655,65
228,"51.6042856,-0.06638129999999999",44418,2020/7/6,Light Cloud,18.604999999999997,8.643803700031814,50
229,"53.7886839,-2.2303478",13527,2020/7/5,Heavy Rain,13.940000000000001,15.308029703976777,74
230,"40.86502369999999,-73.89777269999999",2459115,2020/7/5,Light Cloud,33.025000000000006,3.8479925842890856,51
231,"53.4308294,-2.96083",26734,2020/7/5,Light Rain,15.77,13.771587654346616,73
232,"37.8416782,-122.1055344",2463583,2020/7/5,Showers,32.3,3.5955466078103875,45
233,"52.6221535,1.3093062",30704,2020/7/4,Showers,20.04,10.514819503544635,78
234,"52.6203662,-1.1421895",26062,2020/7/4,Showers,18.815,11.23270437751266,80
235,"53.4630589,-2.2913401",33887,2020/7/4,Showers,16.46,5.831244531933508,90
236,"52.5902362,-2.1304288",40859,2020/7/4,Showers,16.31,9.519125904716455,85
237,"51.481663,-0.1909565",44418,2020/7/4,Showers,19.009999999999998,9.973795709613192,82
238,"53.3699684,-1.4699284",34503,2020/7/2,Light Rain,14.285,7.949843329298232,92
239,"53.48313810000001,-2.2003953",28218,2020/7/2,Showers,15.655000000000001,3.7539191571171027,83
240,"51.5548885,-0.108438",44418,2020/7/1,Showers,18.34,7.98626232477001,70
241,"36.1621099,-95.87412789999999",2464592,2020/7/1,Light Cloud,35.95,7.776730128436596,59
242,"53.438787,-2.9663193",26734,2020/7/1,Light Rain,15.649999999999999,4.79931890286593,86
243,"51.5387095,-0.0166037",44418,2020/7/1,Showers,18.34,7.98626232477001,70
244,"51.4748946,-0.2217799",44418,2020/9/28,Heavy Cloud,17.055,5.799894750955752,52
245,"53.4308294,-2.96083",26734,2020/9/28,Showers,15.704999999999998,4.475792055730534,73
246,"53.3699684,-1.4699284",34503,2020/9/27,Heavy Cloud,12.405000000000001,6.501887444240303,71
247,"51.6042856,-0.06638129999999999",44418,2020/9/27,Heavy Cloud,13.825,10.127337571165725,68
248,"53.48313810000001,-2.2003953",28218,2020/9/27,Light Cloud,13.629999999999999,4.292266088663538,61
249,"51.5387095,-0.0166037",44418,2020/9/27,Heavy Cloud,13.825,10.127337571165725,68
250,"50.8615651,-0.0837163",13911,2020/9/26,Heavy Cloud,12.93,13.994391853514145,61
251,"51.39797429999999,-0.0860576",44418,2020/9/26,Light Rain,12.785,10.950303247413771,55
252,"39.9454076,-85.94898479999999",2427032,2020/9/26,Light Cloud,25.285,8.606342966144384,68
253,"53.7886839,-2.2303478",13527,2020/9/26,Heavy Cloud,11.775,10.616392889835362,64
254,"41.8897519,-87.98895429999999",2379574,2020/9/21,Clear,22.71,5.073562697104908,42
255,"52.5902362,-2.1304288",40859,2020/9/21,Clear,19.9,1.9053489620615605,77
256,"37.8416782,-122.1055344",2463583,2020/9/20,Clear,17.73,3.3528412073490816,49
257,"40.86502369999999,-73.89777269999999",2459115,2020/9/20,Light Cloud,16.36,7.633515200771495,38
258,"51.481663,-0.1909565",44418,2020/9/20,Clear,23.785,5.778034645040961,54
259,"52.6203662,-1.1421895",26062,2020/9/20,Light Cloud,18.355,8.87518187513985,72
260,"53.438787,-2.9663193",26734,2020/9/19,Light Cloud,18.34,8.420683109120072,64
261,"53.7778162,-1.5721446",26042,2020/9/19,Light Cloud,17.74,7.877428765004375,66
262,"53.4630589,-2.2913401",33887,2020/9/19,Heavy Cloud,18.16,6.874107412709775,64
263,"51.5548885,-0.108438",44418,2020/9/19,Heavy Cloud,23.4,7.288754229237255,50
264,"53.3699684,-1.4699284",34503,2020/9/14,Light Cloud,24.16,4.112544188663539,60
265,"50.8615651,-0.0837163",13911,2020/9/14,Clear,25.2,6.482535715034863,63
266,"39.9454076,-85.94898479999999",2427032,2020/9/13,Light Rain,26.1,5.559702012354516,64
267,"51.6042856,-0.06638129999999999",44418,2020/9/13,Light Cloud,23.54,6.742212299292134,59
268,"51.4748946,-0.2217799",44418,2020/9/12,Heavy Cloud,20.835,5.81285770375938,58
269,"53.7886839,-2.2303478",13527,2020/9/12,Light Rain,16.005000000000003,8.836565545473103,67
270,"51.39797429999999,-0.0860576",44418,2020/9/12,Heavy Cloud,20.835,5.81285770375938,58
271,"53.48313810000001,-2.2003953",28218,2020/9/12,Light Rain,17.21,5.998670673199183,63
272,"53.3699684,-1.4699284",34503,2020/10/31,Light Rain,13.92,16.569556766976856,90
273,"53.7886839,-2.2303478",13527,2020/10/31,Light Rain,14.219999999999999,10.891421584721229,87
274,"53.4308294,-2.96083",26734,2020/10/31,Light Rain,13.865,16.14928707686577,81
275,"52.5902362,-2.1304288",40859,2020/10/30,Heavy Rain,15.24,7.342504573291975,91
276,"50.8615651,-0.0837163",13911,2020/10/26,Light Rain,13.120000000000001,14.63512661352634,78
277,"53.7886839,-2.2303478",13527,2020/10/26,Light Rain,10.545,8.962357503544633,83
278,"37.8416782,-122.1055344",2463583,2020/10/25,Heavy Cloud,8.68,4.295697924123121,58
279,"52.5902362,-2.1304288",40859,2020/10/25,Heavy Rain,10.89,8.660036984013363,82
280,"51.5548885,-0.108438",44418,2020/10/25,Light Rain,13.235,6.032483947967868,74
281,"51.5387095,-0.0166037",44418,2020/10/24,Light Rain,15.765,9.268374367530953,80
282,"51.4748946,-0.2217799",44418,2020/10/24,Light Rain,15.765,9.268374367530953,80
283,"53.4630589,-2.2913401",33887,2020/10/24,Heavy Rain,12.62,7.163276664280602,88
284,"53.4308294,-2.96083",26734,2020/10/24,Heavy Rain,12.370000000000001,8.88915807350672,87
285,"41.8897519,-87.98895429999999",2379574,2020/10/23,Light Rain,8.915,7.1517909268962585,75
286,"39.9454076,-85.94898479999999",2427032,2020/10/19,Light Rain,14.335,7.3787792419602845,80
287,"53.7778162,-1.5721446",26042,2020/10/19,Showers,12.71,6.518413244240303,75
288,"53.3699684,-1.4699284",34503,2020/10/18,Showers,10.36,4.247607459704659,79
289,"51.39797429999999,-0.0860576",44418,2020/10/18,Showers,12.87,2.031527717929956,70
290,"51.6042856,-0.06638129999999999",44418,2020/10/18,Showers,12.87,2.031527717929956,70
291,"52.6203662,-1.1421895",26062,2020/10/18,Showers,10.85,1.9949079369071292,84
292,"53.438787,-2.9663193",26734,2020/10/17,Heavy Cloud,10.595,3.9749716125082846,79
293,"51.481663,-0.1909565",44418,2020/10/17,Heavy Cloud,12.265,2.772712839834036,73
294,"53.48313810000001,-2.2003953",28218,2020/10/17,Showers,11.719999999999999,3.1498195636787827,85
295,"40.86502369999999,-73.89777269999999",2459115,2020/10/17,Light Rain,14.67,6.097304234905486,53
296,"52.6203662,-1.1421895",26062,2020/10/4,Light Rain,11.915,6.765968813494525,88
297,"37.8416782,-122.1055344",2463583,2020/10/4,Showers,12.3,2.657974031655134,62
298,"51.5548885,-0.108438",44418,2020/10/4,Heavy Rain,10.535,9.009782526249369,85
299,"52.5902362,-2.1304288",40859,2020/10/4,Heavy Rain,11.2,7.001099379623001,85
300,"53.4630589,-2.2913401",33887,2020/10/4,Heavy Rain,15.27,5.2337646146504415,70
301,"41.8897519,-87.98895429999999",2379574,2020/10/4,Showers,13.68,7.838197980900873,57
302,"51.481663,-0.1909565",44418,2020/10/3,Light Rain,14.065000000000001,5.5029165842890855,85
303,"53.438787,-2.9663193",26734,2020/10/3,Heavy Rain,11.89,11.515026226403139,91
304,"53.7778162,-1.5721446",26042,2020/10/3,Heavy Rain,13.219999999999999,7.106259118115539,90
305,"40.86502369999999,-73.89777269999999",2459115,2020/10/3,Light Cloud,17.825,3.6900794014793608,49
306,"52.6203662,-1.1421895",26062,2020/11/30,Light Rain,9.085,8.72576850394496,89
307,"51.5387095,-0.0166037",44418,2020/11/30,Showers,8.35,6.397762329144463,89
308,"37.8416782,-122.1055344",2463583,2020/11/29,Light Cloud,6.06,3.119931997136722,58
309,"51.481663,-0.1909565",44418,2020/11/29,Light Cloud,8.780000000000001,2.3244938773880537,86
310,"51.5548885,-0.108438",44418,2020/11/29,Light Cloud,8.780000000000001,2.3244938773880537,86
311,"50.8615651,-0.0837163",13911,2020/11/28,Light Cloud,12.254999999999999,8.622577712046978,84
312,"53.48313810000001,-2.2003953",28218,2020/11/28,Light Rain,7.51,3.4571997158355203,89
313,"53.438787,-2.9663193",26734,2020/11/28,Showers,7.63,5.935497765158144,88
314,"39.9454076,-85.94898479999999",2427032,2020/11/28,Light Cloud,8.085,3.624561643808161,62
315,"51.39797429999999,-0.0860576",44418,2020/11/27,Heavy Cloud,6.665,2.940045308534161,82
316,"53.7886839,-2.2303478",13527,2020/11/23,Heavy Cloud,7.715,6.879381240913067,82
317,"52.5902362,-2.1304288",40859,2020/11/23,Heavy Cloud,7.48,6.600518770380975,84
318,"51.4748946,-0.2217799",44418,2020/11/22,Heavy Cloud,10.684999999999999,4.291150538540259,70
319,"53.3699684,-1.4699284",34503,2020/11/22,Light Cloud,8.485,4.695914742453406,74
320,"53.7778162,-1.5721446",26042,2020/11/22,Showers,8.85,4.508969870919165,71
321,"53.4308294,-2.96083",26734,2020/11/22,Showers,9.5,8.381861963710596,67
322,"40.86502369999999,-73.89777269999999",2459115,2020/11/21,Light Cloud,11.525,5.794652935305813,65
323,"41.8897519,-87.98895429999999",2379574,2020/11/21,Showers,6.23,4.545115476094276,72
324,"51.6042856,-0.06638129999999999",44418,2020/11/21,Heavy Cloud,12.17,10.451085297136721,75
325,"53.4630589,-2.2913401",33887,2020/11/21,Heavy Rain,11.74,6.778335321721149,85
326,"39.9454076,-85.94898479999999",2427032,2020/11/8,Light Cloud,23.04,6.28282442403033,64
327,"52.6203662,-1.1421895",26062,2020/11/8,Light Rain,11.08,2.783231676494605,88
328,"53.48313810000001,-2.2003953",28218,2020/11/8,Light Rain,11.870000000000001,2.1324037486757335,85
329,"51.5548885,-0.108438",44418,2020/11/8,Light Rain,14.254999999999999,1.6794071861369602,82
330,"53.438787,-2.9663193",26734,2020/11/7,Heavy Cloud,10.36,9.135316111553859,81
331,"51.39797429999999,-0.0860576",44418,2020/11/7,Light Cloud,13.47,3.315870730345449,79
332,"51.481663,-0.1909565",44418,2020/11/7,Light Cloud,13.47,3.315870730345449,79
333,"51.5387095,-0.0166037",44418,2020/11/7,Light Cloud,13.47,3.315870730345449,79
334,"50.8615651,-0.0837163",13911,2020/11/6,Heavy Cloud,11.87,11.323517837864207,74
335,"37.8416782,-122.1055344",2463583,2020/11/6,Showers,18.85,6.028474310029428,58
336,"51.4748946,-0.2217799",44418,2020/11/2,Light Rain,15.790000000000001,14.379928750340675,63
337,"53.7778162,-1.5721446",26042,2020/11/2,Light Rain,12.129999999999999,12.023446524462472,70
338,"41.8897519,-87.98895429999999",2379574,2020/11/1,Light Cloud,6.665,13.020627244025556,55
339,"40.86502369999999,-73.89777269999999",2459115,2020/11/1,Showers,9.46,11.912420733951059,58
340,"53.4630589,-2.2913401",33887,2020/11/1,Heavy Rain,13.23,9.494595363079615,76
341,"51.6042856,-0.06638129999999999",44418,2020/11/1,Heavy Rain,17.185000000000002,12.648400654068242,78
